{"_id":1,"gender":"male","name":{"title":"mr","first":"raimundo","last":"gonçalves"},"location":{"street":"1526 rua dois","city":"paulo afonso","state":"pará","postcode":96770},"email":"raimundo.gonçalves@example.com","login":{"username":"whitegorilla872","password":"butch","salt":"uOsdMzND","md5":"8fa17a9f91a5bfeaefd376eed815872a","sha1":"ffb34bda094d18519bc46cafc6fbd84aadec5644","sha256":"448a5aa2af37971a4ecbb8cdcc74abfdcfceb7cdcfa60fc2571040a68c7329f2"},"dob":"1981-03-25 09:13:47","registered":"2003-02-17 08:54:40","picture":{"large":"https://randomuser.me/api/portraits/men/89.jpg","medium":"https://randomuser.me/api/portraits/med/men/89.jpg","thumbnail":"https://randomuser.me/api/portraits/thumb/men/89.jpg"},"nat":"BR"}
{"_id":2,"gender":"male","name":{"title":"mr","first":"esat","last":"kutlay"},"location":{"street":"8766 vatan cd","city":"isparta","state":"kahramanmaraş","postcode":77995},"email":"esat.kutlay@example.com","login":{"username":"brownduck859","password":"leanne","salt":"gaBWPrAq","md5":"5e1b3e5d9da9dc515e56b9a6d65d4b8c","sha1":"087ff822db7f401c65ba4adfb9542c482aabe3b1","sha256":"276aae250710290f69b8abf8cfaa0ab5e84b3badb87e80da1ea2ea0b7d96d373"},"dob":"1991-09-12 17:08:47","registered":"2007-05-13 01:58:18","picture":{"large":"https://randomuser.me/api/portraits/men/70.jpg","medium":"https://randomuser.me/api/portraits/med/men/70.jpg","thumbnail":"https://randomuser.me/api/portraits/thumb/men/70.jpg"},"nat":"TR"}
{"_id":3,"gender":"male","name":{"title":"mr","first":"phillip","last":"rhodes"},"location":{"street":"3242 marsh ln","city":"launceston","state":"south australia","postcode":5183},"email":"phillip.rhodes@example.com","login":{"username":"blackmouse784","password":"marcius2","salt":"0iW91SlH","md5":"2b836d1b77fe2280ff716c0c7c6911bf","sha1":"52264aaeb55ee74c20038161286733812947660b","sha256":"c254c92f01e7c9c0e4bdcd912884baad6830d27efb453bff35aac0dfefb803ca"},"dob":"1947-12-30 12:08:59","registered":"2011-12-07 18:16:56","picture":{"large":"https://randomuser.me/api/portraits/men/40.jpg","medium":"https://randomuser.me/api/portraits/med/men/40.jpg","thumbnail":"https://randomuser.me/api/portraits/thumb/men/40.jpg"},"nat":"AU"}
{"_id":4,"gender":"female","name":{"title":"ms","first":"holly","last":"gilbert"},"location":{"street":"5955 e center st","city":"warrnambool","state":"australian capital territory","postcode":2159},"email":"holly.gilbert@example.com","login":{"username":"redmouse982","password":"giggles","salt":"IMhjDpjJ","md5":"ddaeeb7a43b7759b7d16be26cabdbbee","sha1":"838caf788ccfd1bbd072f8ccd7b2750347b5a5da","sha256":"d8700b63d936d5669ff181c59f00e95a378304ba79f3f697636b0adfb0bd3ecd"},"dob":"1990-04-22 00:12:43","registered":"2008-06-14 05:21:41","picture":{"large":"https://randomuser.me/api/portraits/women/13.jpg","medium":"https://randomuser.me/api/portraits/med/women/13.jpg","thumbnail":"https://randomuser.me/api/portraits/thumb/women/13.jpg"},"nat":"AU"}
{"_id":5,"gender":"male","name":{"title":"mr","first":"hector","last":"leclerc"},"location":{"street":"2034 place du 8 novembre 1942","city":"lyon","state":"vienne","postcode":47510},"email":"hector.leclerc@example.com","login":{"username":"brownsnake770","password":"castor","salt":"iB5LCpuY","md5":"8bf2a332504b035430e2698d14caec7e","sha1":"9b8b5ec3344c5a41e8fe4953237a2c0de8341f82","sha256":"3f774958b7cf0818bb73473cab5f03516ba5528f993f553f903d4ca6d96bf2b0"},"dob":"1974-01-17 22:13:21","registered":"2010-05-01 02:41:39","picture":{"large":"https://randomuser.me/api/portraits/men/13.jpg","medium":"https://randomuser.me/api/portraits/med/men/13.jpg","thumbnail":"https://randomuser.me/api/portraits/thumb/men/13.jpg"},"nat":"FR"}
{"_id":6,"gender":"female","name":{"title":"ms","first":"gea","last":"poll"},"location":{"street":"9046 catharijnesingel","city":"helmond","state":"noord-holland","postcode":86228},"email":"gea.poll@example.com","login":{"username":"purplelion618","password":"lemmein","salt":"vJq7CreS","md5":"500b27720e578a36b1b4aa9f1fb1ff37","sha1":"8457784e086216e31d565273f92a98efccacea27","sha256":"81e990f8306b25d22d0aa5f27413ad0cffec49b71a29275856bd13cb6691cf48"},"dob":"1960-09-25 06:36:01","registered":"2010-04-20 01:00:51","picture":{"large":"https://randomuser.me/api/portraits/women/81.jpg","medium":"https://randomuser.me/api/portraits/med/women/81.jpg","thumbnail":"https://randomuser.me/api/portraits/thumb/women/81.jpg"},"nat":"NL"}
{"_id":7,"gender":"female","name":{"title":"madame","first":"lilly","last":"robin"},"location":{"street":"6952 place de l'abbé-franz-stock","city":"morrens vd","state":"zug","postcode":2178},"email":"lilly.robin@example.com","login":{"username":"lazyostrich763","password":"mickey","salt":"qezA4LCe","md5":"c112b1e3d68e64d01c6b562ffe5dcbcb","sha1":"2533279ec2ba5409e95188ca16cb2f1a1a01197c","sha256":"46fa90cfbba42fefde12165f4fe2456894abafdd225deec15e23cf58bf5a6586"},"dob":"1950-09-02 04:24:38","registered":"2014-07-07 07:02:43","picture":{"large":"https://randomuser.me/api/portraits/women/8.jpg","medium":"https://randomuser.me/api/portraits/med/women/8.jpg","thumbnail":"https://randomuser.me/api/portraits/thumb/women/8.jpg"},"nat":"CH"}
{"_id":8,"gender":"male","name":{"title":"monsieur","first":"lucien","last":"morel"},"location":{"street":"2798 rue du bât-d'argent","city":"bioley-orjulaz","state":"jura","postcode":8688},"email":"lucien.morel@example.com","login":{"username":"smallelephant774","password":"bolton","salt":"KPrL3iCo","md5":"0586ac52b33c9fb196ff669e351136d7","sha1":"b19871e74c3f55a3f3a4b0d40663c727ffbd87d0","sha256":"494b9c72ca99a38eb2a1bb7b108141ae142127f1e08c90320b278f7acf209c62"},"dob":"1987-06-25 14:43:27","registered":"2010-07-11 00:18:55","picture":{"large":"https://randomuser.me/api/portraits/men/13.jpg","medium":"https://randomuser.me/api/portraits/med/men/13.jpg","thumbnail":"https://randomuser.me/api/portraits/thumb/men/13.jpg"},"nat":"CH"}
{"_id":9,"gender":"female","name":{"title":"miss","first":"valeria","last":"lindner"},"location":{"street":"3840 tulpenweg","city":"ludwigshafen a. rhein","state":"hamburg","postcode":64802},"email":"valeria.lindner@example.com","login":{"username":"smallgoose374","password":"doughboy","salt":"YsLooUVj","md5":"0af0666ea67817de73a974214d1dab4f","sha1":"660b31c2e73dfa4a62f2e71f51fd4f016c9cfa03","sha256":"37a953a1c22bdab844add8b53df7b32e80ca2409cdb16e8af514e93423359bf4"},"dob":"1956-11-26 21:12:49","registered":"2010-08-14 11:59:31","picture":{"large":"https://randomuser.me/api/portraits/women/56.jpg","medium":"https://randomuser.me/api/portraits/med/women/56.jpg","thumbnail":"https://randomuser.me/api/portraits/thumb/women/56.jpg"},"nat":"DE"}
{"_id":10,"gender":"female","name":{"title":"mrs","first":"maureen","last":"austin"},"location":{"street":"2692 w sherman dr","city":"north charleston","state":"kansas","postcode":73366},"email":"maureen.austin@example.com","login":{"username":"heavyelephant828","password":"lestat","salt":"U7qZ0adW","md5":"9d71f64737fb7bc599ff3e2fb5b01dc1","sha1":"f6756eb65b6254d3fd1852a4a035ed49a0f6fa6f","sha256":"fb863019dd265b5ea3901025cfd6f611b3f39e131abf79a3673f64f08ed26622"},"dob":"1991-07-03 22:49:14","registered":"2007-08-23 02:30:18","picture":{"large":"https://randomuser.me/api/portraits/women/23.jpg","medium":"https://randomuser.me/api/portraits/med/women/23.jpg","thumbnail":"https://randomuser.me/api/portraits/thumb/women/23.jpg"},"nat":"US"}
{"_id":11,"gender":"male","name":{"title":"mr","first":"محمد","last":"حیدری"},"location":{"street":"1787 کارگر","city":"پاکدشت","state":"کرمان","postcode":36764},"email":"محمد.حیدری@example.com","login":{"username":"yellowdog717","password":"peter","salt":"SuZJFEEK","md5":"5a2080df6cefa4b5d7034f4913790943","sha1":"5876e8e1efb949ee4ef390a10f6076183c697b47","sha256":"138eb221c5e78fb7e39a9ef0e840cdeb3f98196e17c08175024f4a909ed9471f"},"dob":"1958-12-07 13:59:33","registered":"2008-03-25 15:07:00","picture":{"large":"https://randomuser.me/api/portraits/men/64.jpg","medium":"https://randomuser.me/api/portraits/med/men/64.jpg","thumbnail":"https://randomuser.me/api/portraits/thumb/men/64.jpg"},"nat":"IR"}
{"_id":12,"gender":"male","name":{"title":"mr","first":"ahmet","last":"okumuş"},"location":{"street":"1725 doktorlar cd","city":"sivas","state":"uşak","postcode":81826},"email":"ahmet.okumuş@example.com","login":{"username":"bigbutterfly837","password":"spotty","salt":"vE30FrFB","md5":"cf4d2b3fe96d1ebe193ac450acf9bc07","sha1":"e996aacf46d40768bd9dd8d0f079995e775ed6e2","sha256":"900155048955332be3fee5c6c4b5a085aa2b8077ef3ef749e6c5c7c1394abd24"},"dob":"1972-08-14 02:19:06","registered":"2004-03-09 05:35:12","picture":{"large":"https://randomuser.me/api/portraits/men/34.jpg","medium":"https://randomuser.me/api/portraits/med/men/34.jpg","thumbnail":"https://randomuser.me/api/portraits/thumb/men/34.jpg"},"nat":"TR"}
{"_id":13,"gender":"male","name":{"title":"mr","first":"eemeli","last":"korpela"},"location":{"street":"2909 pyynikintie","city":"kumlinge","state":"finland proper","postcode":37245},"email":"eemeli.korpela@example.com","login":{"username":"beautifulbutterfly511","password":"basketba","salt":"XSETSSsV","md5":"35c721d6310a3f7e59dd52a76fe7ad82","sha1":"4fb1327df6ce56aa21eae7da6c36c8659bd89ecf","sha256":"61ab79db4390d651912acac9264e755e27a7172efb66434d000a0d826a823198"},"dob":"1975-01-02 02:59:36","registered":"2008-03-19 13:12:18","picture":{"large":"https://randomuser.me/api/portraits/men/64.jpg","medium":"https://randomuser.me/api/portraits/med/men/64.jpg","thumbnail":"https://randomuser.me/api/portraits/thumb/men/64.jpg"},"nat":"FI"}
{"_id":14,"gender":"female","name":{"title":"mrs","first":"elizabeth","last":"anderson"},"location":{"street":"8703 edmonton road","city":"hamilton","state":"waikato","postcode":40040},"email":"elizabeth.anderson@example.com","login":{"username":"tinyduck222","password":"sixers","salt":"NtNYnbax","md5":"930649655bd36dff15224ce90ea5c264","sha1":"2888f121483e4c2ad8e64d53a7c5126f6d09bc90","sha256":"9e67082d6502bfbd9bd1c8b3a0b12db4f51fa26a8757a9ea852e93619e8867bc"},"dob":"1969-02-21 05:36:17","registered":"2015-12-15 21:50:04","picture":{"large":"https://randomuser.me/api/portraits/women/27.jpg","medium":"https://randomuser.me/api/portraits/med/women/27.jpg","thumbnail":"https://randomuser.me/api/portraits/thumb/women/27.jpg"},"nat":"NZ"}
{"_id":15,"gender":"male","name":{"title":"mr","first":"juliano","last":"aragão"},"location":{"street":"7599 rua um","city":"vila velha","state":"paraná","postcode":18873},"email":"juliano.aragão@example.com","login":{"username":"silverrabbit748","password":"gofish","salt":"jbONhO5o","md5":"55f7d6a3d6a0935e7ed1694aafa2d517","sha1":"fbe63295bc964db088c442999257b8ec604fd8d7","sha256":"e1eb883da939dc2ba187b97402fb1b378a185f8f22717b05da614b94d8dd0851"},"dob":"1981-08-26 01:39:55","registered":"2006-06-09 12:07:29","picture":{"large":"https://randomuser.me/api/portraits/men/93.jpg","medium":"https://randomuser.me/api/portraits/med/men/93.jpg","thumbnail":"https://randomuser.me/api/portraits/thumb/men/93.jpg"},"nat":"BR"}
{"_id":16,"gender":"female","name":{"title":"mrs","first":"darlene","last":"boyd"},"location":{"street":"8364 valley view ln","city":"allentown","state":"indiana","postcode":46872},"email":"darlene.boyd@example.com","login":{"username":"organiccat719","password":"456123","salt":"JmdS2ncY","md5":"913b9624abfc16ab2c24021e11a6a2c7","sha1":"6a4c506751c950cd95f4dce5cb1bcc02a16a2586","sha256":"f5d22741f90d9147d85eaa004214f0aeb968246c7b2f835d15afe659f08cdfec"},"dob":"1966-11-18 23:48:36","registered":"2015-12-04 07:33:22","picture":{"large":"https://randomuser.me/api/portraits/women/15.jpg","medium":"https://randomuser.me/api/portraits/med/women/15.jpg","thumbnail":"https://randomuser.me/api/portraits/thumb/women/15.jpg"},"nat":"US"}
{"_id":17,"gender":"female","name":{"title":"ms","first":"jenny","last":"sanders"},"location":{"street":"8061 patrick street","city":"naas","state":"sligo","postcode":68150},"email":"jenny.sanders@example.com","login":{"username":"yellowrabbit371","password":"snowbird","salt":"StSuKPp8","md5":"849fb0d4c26577cf6de9d49a84e51843","sha1":"832c0282a4cb73f85a18d8e206532eff41732c69","sha256":"b7850945c5d147587d2eae1e5c62a5da65d10b7f237cc95691ba4b554a4ef297"},"dob":"1967-01-31 14:36:55","registered":"2002-05-28 14:02:37","picture":{"large":"https://randomuser.me/api/portraits/women/78.jpg","medium":"https://randomuser.me/api/portraits/med/women/78.jpg","thumbnail":"https://randomuser.me/api/portraits/thumb/women/78.jpg"},"nat":"IE"}
{"_id":18,"gender":"female","name":{"title":"miss","first":"allie","last":"austin"},"location":{"street":"9348 high street","city":"canterbury","state":"leicestershire","postcode":"N7N 1WE"},"email":"allie.austin@example.com","login":{"username":"smalldog110","password":"lickit","salt":"8HGJwCbZ","md5":"5fa7e5680888496ab789a622f7d43779","sha1":"f82dd6f1774a180c91ac3a1352b6d0a7b4306dea","sha256":"98e8f73932af88201e5c35bb287646d34f19b402a001d11b1ca8d66553f90def"},"dob":"1970-07-06 16:32:37","registered":"2011-02-08 07:10:24","picture":{"large":"https://randomuser.me/api/portraits/women/42.jpg","medium":"https://randomuser.me/api/portraits/med/women/42.jpg","thumbnail":"https://randomuser.me/api/portraits/thumb/women/42.jpg"},"nat":"GB"}
{"_id":19,"gender":"male","name":{"title":"mr","first":"jackson","last":"jones"},"location":{"street":"1591 spey street","city":"palmerston north","state":"southland","postcode":42993},"email":"jackson.jones@example.com","login":{"username":"greenladybug703","password":"budman","salt":"JDS0Vsdd","md5":"d3f1f08053ea325568d6b7369e8562f3","sha1":"6da2132acaecf2aeea02fcc6c1f72a9b82030f5f","sha256":"027ef1189ce565446c8bbfd315a962a6ff1f57606e081f22f9fd15ad944fef74"},"dob":"1991-09-03 13:38:17","registered":"2004-11-29 10:19:42","picture":{"large":"https://randomuser.me/api/portraits/men/44.jpg","medium":"https://randomuser.me/api/portraits/med/men/44.jpg","thumbnail":"https://randomuser.me/api/portraits/thumb/men/44.jpg"},"nat":"NZ"}
{"_id":20,"gender":"male","name":{"title":"mr","first":"brad","last":"alexander"},"location":{"street":"3837 white oak dr","city":"gladstone","state":"new south wales","postcode":4056},"email":"brad.alexander@example.com","login":{"username":"silvermouse243","password":"australi","salt":"n1PrKzw8","md5":"6949831c02c732ea4ff970c2244ea20a","sha1":"46c410bff3b09a1bb72621255af1fdcdde5fcadb","sha256":"e5f173a57200f222192739ac91a4636adf86e87caf475cf37616e0475971b79c"},"dob":"1971-12-05 21:01:06","registered":"2015-10-23 12:39:38","picture":{"large":"https://randomuser.me/api/portraits/men/36.jpg","medium":"https://randomuser.me/api/portraits/med/men/36.jpg","thumbnail":"https://randomuser.me/api/portraits/thumb/men/36.jpg"},"nat":"AU"}
{"_id":21,"gender":"male","name":{"title":"mr","first":"djalma","last":"pereira"},"location":{"street":"3357 rua carlos gomes","city":"barbacena","state":"alagoas","postcode":29955},"email":"djalma.pereira@example.com","login":{"username":"blacktiger113","password":"hornets","salt":"POEudGtP","md5":"19f70af96c00f11d1898f1c88b0187df","sha1":"90d8e10a38d12578a882acc5a24b3400e6e333ce","sha256":"cd053ec418a14a109b1829ff7e99fd39b62c027123e3fb3e0811274e4e5985d5"},"dob":"1968-02-10 01:59:12","registered":"2008-07-23 02:50:35","picture":{"large":"https://randomuser.me/api/portraits/men/54.jpg","medium":"https://randomuser.me/api/portraits/med/men/54.jpg","thumbnail":"https://randomuser.me/api/portraits/thumb/men/54.jpg"},"nat":"BR"}
{"_id":22,"gender":"male","name":{"title":"mr","first":"samuel","last":"foster"},"location":{"street":"2205 mill road","city":"longford","state":"donegal","postcode":32469},"email":"samuel.foster@example.com","login":{"username":"purplegorilla113","password":"redhead","salt":"MQ1QLW5U","md5":"d3a202c8e323704083add1136e936def","sha1":"80f1dccd56815a6f852b7c8ca0921f9679c408e7","sha256":"1aa62ae769e7dad9ead0246ae7fbbd0ba3f865d8719b5b9570ec8a30729b89c4"},"dob":"1979-06-10 20:53:22","registered":"2015-04-16 20:42:19","picture":{"large":"https://randomuser.me/api/portraits/men/84.jpg","medium":"https://randomuser.me/api/portraits/med/men/84.jpg","thumbnail":"https://randomuser.me/api/portraits/thumb/men/84.jpg"},"nat":"IE"}
{"_id":23,"gender":"female","name":{"title":"ms","first":"abigail","last":"willis"},"location":{"street":"3858 e north st","city":"san francisco","state":"massachusetts","postcode":78478},"email":"abigail.willis@example.com","login":{"username":"lazyfrog985","password":"aaaaa1","salt":"bIGaYvyn","md5":"1f908819ea3f5d375faa36ec1c9ea554","sha1":"8b9c337800e588725f3f6f6ab43474e3dc37a9d8","sha256":"984348f44f42a9e3e0d2dea89a884e1ae33875de818ab8f43b7e1501adc1def6"},"dob":"1959-10-17 02:53:39","registered":"2016-03-26 09:43:18","picture":{"large":"https://randomuser.me/api/portraits/women/84.jpg","medium":"https://randomuser.me/api/portraits/med/women/84.jpg","thumbnail":"https://randomuser.me/api/portraits/thumb/women/84.jpg"},"nat":"US"}
{"_id":24,"gender":"female","name":{"title":"miss","first":"زهرا","last":"کامروا"},"location":{"street":"2668 ستارخان","city":"قم","state":"قم","postcode":72130},"email":"زهرا.کامروا@example.com","login":{"username":"silverdog587","password":"sunlight","salt":"NNIDS5It","md5":"6ca6c4790809d5533735c91771afd937","sha1":"f8ce7b0a60110f8f1b4a06d87f2d97719b26c4c8","sha256":"35932f5b629dd0d9ffdbe608ff3e34b55c423b6ba4519fcfd80cdd5f3fa535f5"},"dob":"1961-07-01 01:39:03","registered":"2004-02-17 10:07:09","picture":{"large":"https://randomuser.me/api/portraits/women/17.jpg","medium":"https://randomuser.me/api/portraits/med/women/17.jpg","thumbnail":"https://randomuser.me/api/portraits/thumb/women/17.jpg"},"nat":"IR"}
{"_id":25,"gender":"female","name":{"title":"ms","first":"rachel","last":"morgan"},"location":{"street":"3651 albert road","city":"salisbury","state":"county tyrone","postcode":"T61 8EF"},"email":"rachel.morgan@example.com","login":{"username":"whitelion716","password":"zidane","salt":"aeNSgqGn","md5":"0d5ae0dda337b3d9c7356241baa4d7e6","sha1":"e741c5ce829f31b52ad1d5a7ceec6e19c0465154","sha256":"d76c2676e2326211bbdb945e18e4998fb62df8c37817c9109bbd533d2d644079"},"dob":"1972-04-05 05:59:40","registered":"2008-11-21 22:46:38","picture":{"large":"https://randomuser.me/api/portraits/women/92.jpg","medium":"https://randomuser.me/api/portraits/med/women/92.jpg","thumbnail":"https://randomuser.me/api/portraits/thumb/women/92.jpg"},"nat":"GB"}
{"_id":26,"gender":"male","name":{"title":"mr","first":"okan","last":"demirbaş"},"location":{"street":"4300 maçka cd","city":"balıkesir","state":"osmaniye","postcode":88828},"email":"okan.demirbaş@example.com","login":{"username":"bluemeercat560","password":"dylan","salt":"tpB8fWV9","md5":"21ddc2e104cd19dfab8a2a3f9698543a","sha1":"c7ce2f3b1a56729c1cfe6ee7326f3a1fce540eb3","sha256":"17d937513dce704c778e652cf96b41810c58182a07d283d9d279abfeec69eaec"},"dob":"1947-02-28 05:50:41","registered":"2004-03-18 01:59:35","picture":{"large":"https://randomuser.me/api/portraits/men/57.jpg","medium":"https://randomuser.me/api/portraits/med/men/57.jpg","thumbnail":"https://randomuser.me/api/portraits/thumb/men/57.jpg"},"nat":"TR"}
{"_id":27,"gender":"female","name":{"title":"miss","first":"clara","last":"gauthier"},"location":{"street":"4614 west ave","city":"sidney","state":"saskatchewan","postcode":41140},"email":"clara.gauthier@example.com","login":{"username":"whiteladybug209","password":"cameron","salt":"E9rU2oq5","md5":"86f6d816f81b178d06590b0b065a0b20","sha1":"ce7514496406903929bd064d224d7a5f7c6a853b","sha256":"24f404e2eba9b9996178d8678d9c0c9721cd65295c3a91676f607f0ab0a4f3dc"},"dob":"1947-12-07 01:59:17","registered":"2010-03-11 09:43:14","picture":{"large":"https://randomuser.me/api/portraits/women/38.jpg","medium":"https://randomuser.me/api/portraits/med/women/38.jpg","thumbnail":"https://randomuser.me/api/portraits/thumb/women/38.jpg"},"nat":"CA"}
{"_id":28,"gender":"female","name":{"title":"mrs","first":"summer","last":"lee"},"location":{"street":"8069 remuera road","city":"porirua","state":"waikato","postcode":45333},"email":"summer.lee@example.com","login":{"username":"blackpanda191","password":"dutchess","salt":"schHCBE3","md5":"ecb5e657fec7e9573de4979870529fba","sha1":"5837d4f6c16193ce34f79da3421317f81bbc6074","sha256":"c3caae4c0f251fd43c7385cfee1e7c182682d478dad330724798a255d87e1cd2"},"dob":"1984-08-24 15:32:04","registered":"2002-05-29 07:57:28","picture":{"large":"https://randomuser.me/api/portraits/women/2.jpg","medium":"https://randomuser.me/api/portraits/med/women/2.jpg","thumbnail":"https://randomuser.me/api/portraits/thumb/women/2.jpg"},"nat":"NZ"}
{"_id":29,"gender":"male","name":{"title":"mr","first":"benjamin","last":"howard"},"location":{"street":"3362 elgin st","city":"north charleston","state":"virginia","postcode":58156},"email":"benjamin.howard@example.com","login":{"username":"blacktiger987","password":"ffff","salt":"b2CRHLtb","md5":"fe3a3ce0b0d409ea50695bf40442ab45","sha1":"496265d8914313a11d440b1dcd863659c972c5b5","sha256":"5aec562899b05ea8649e03b9b92a049ca15a98e5916b7c361a7decd78bb240be"},"dob":"1973-06-17 03:31:46","registered":"2002-11-13 00:47:22","picture":{"large":"https://randomuser.me/api/portraits/men/39.jpg","medium":"https://randomuser.me/api/portraits/med/men/39.jpg","thumbnail":"https://randomuser.me/api/portraits/thumb/men/39.jpg"},"nat":"US"}
{"_id":30,"gender":"female","name":{"title":"ms","first":"matilda","last":"kokko"},"location":{"street":"7300 tahmelantie","city":"lieto","state":"päijät-häme","postcode":20103},"email":"matilda.kokko@example.com","login":{"username":"whitegoose309","password":"q1w2e3r4","salt":"PepT0mRO","md5":"4dbea00df71020126fe5ba7cde9c987f","sha1":"96fea142d14eb2afc4a5b47852909c111aa8b3e5","sha256":"1ee17d9a4cec6b6cf2604382912e283dfde6fc4f0e3e43ce9371cfb49865287d"},"dob":"1984-12-01 12:24:09","registered":"2014-06-27 01:57:56","picture":{"large":"https://randomuser.me/api/portraits/women/44.jpg","medium":"https://randomuser.me/api/portraits/med/women/44.jpg","thumbnail":"https://randomuser.me/api/portraits/thumb/women/44.jpg"},"nat":"FI"}
